"model","problem","subproblem","covariance_step_run","minimization_successful","covariance_step_successful","covariance_step_warnings","estimate_near_boundary","rounding_errors","zero_gradients","final_zero_gradients","hessian_reset","s_matrix_singular","significant_digits","condition_number","est_methods","model_run_time","subprob_est_time","subprob_cov_time","ofv","[1]   CL (L/d)","[2,3] V1  (L)","V2","Q","CLADA","V1ALB1","IIV CL","IIV V1","EPS(1), proportional","EPS(2)","se[1]   CL (L/d)","se[2,3] V1  (L)","seV2","seQ","seCLADA","seV1ALB1","seIIV CL","seIIV V1","seEPS(1), proportional","seEPS(2)","shrinkage_eta1(%)","shrinkage_eta2(%)","shrinkage_iwres(%)","EI1","EI2","EI3","EI4","EI5","EI6","EI7","EI8","EI9","EI10"
0,1,1,1,1,1,0,0,0,0,0,0,0,3.2,7.18743,FOCE_I,NA,238.82,53.91,10624.155290760960,1.39726,4.70664,0.228756,2.1274,5.78029,-0.127136,0.607047,0.375377,0.289024,1e-13,0.0456196,0.167603,0.0187831,0.125705,0.243757,0.000998826,0.160859,0.0754157,0.0117312,NA,NA,NA,NA,0.262537,0.430542,0.577737,0.810592,0.899776,1.17463,1.31734,1.63988,1.88697,NA
1,1,1,0,1,0,0,0,0,0,0,1,0,3.3,NA,FOCE_I,NA,2098.25,0,12027.972829033179,1.46312,4.62377,0.11636,2.558,1.45768,-0.139044,0.642871,0.30178,0.281372,1e-13,NA,NA,NA,NA,NA,NA,NA,NA,NA,NA,NA,NA,NA,NA,NA,NA,NA,NA,NA,NA,NA,NA,NA
2,1,1,0,0,0,0,0,1,0,0,0,0,NA,NA,FOCE_I,NA,846.11,0,10610.072228695703,1.40299,5.17241,0.147952,2.82035,5.87573,-0.136075,0.602629,0.285687,0.292051,1e-13,NA,NA,NA,NA,NA,NA,NA,NA,NA,NA,NA,NA,NA,NA,NA,NA,NA,NA,NA,NA,NA,NA,NA
3,1,1,0,0,0,0,0,1,0,0,0,0,2.9,NA,FOCE_I,NA,1604.7,0,10462.680334045122,1.35738,4.42616,0.206918,2.1074,6.49862,-0.129413,0.800913,0.521962,0.300589,1e-13,NA,NA,NA,NA,NA,NA,NA,NA,NA,NA,NA,NA,NA,NA,NA,NA,NA,NA,NA,NA,NA,NA,NA
4,1,1,0,0,0,0,0,1,0,0,1,0,2.8,NA,FOCE_I,NA,1106.88,0,10462.345450668634,1.32756,4.39752,0.25738,2.23974,7.40842,-0.124297,0.567906,0.327285,0.25804,1e-13,NA,NA,NA,NA,NA,NA,NA,NA,NA,NA,NA,NA,NA,NA,NA,NA,NA,NA,NA,NA,NA,NA,NA
5,1,1,0,0,0,0,0,0,0,0,0,0,NA,NA,FOCE_I,NA,2732.21,0,10934.632291999698,1.44361,4.62441,0.25545,2.70631,3.83506,-0.139259,0.556741,0.361165,0.29196,1e-13,NA,NA,NA,NA,NA,NA,NA,NA,NA,NA,NA,NA,NA,NA,NA,NA,NA,NA,NA,NA,NA,NA,NA
6,1,1,0,0,0,0,0,0,1,1,0,0,NA,NA,FOCE_I,NA,2139.41,0,10081.960780502168,1.68539,4.9233,0.13759,2.04135,2.91298,-0.137165,0.625568,0.348879,0.29404,1e-13,NA,NA,NA,NA,NA,NA,NA,NA,NA,NA,NA,NA,NA,NA,NA,NA,NA,NA,NA,NA,NA,NA,NA
7,1,1,0,0,0,0,0,1,0,0,0,0,2.6,NA,FOCE_I,NA,1314.45,0,10765.247909426891,1.2929,4.46437,0.189713,1.44983,2.46005,-0.125439,0.736386,0.388911,0.316507,1e-13,NA,NA,NA,NA,NA,NA,NA,NA,NA,NA,NA,NA,NA,NA,NA,NA,NA,NA,NA,NA,NA,NA,NA
8,1,1,0,0,0,0,0,1,0,0,0,0,2.8,NA,FOCE_I,NA,3785.98,0,12763.639283068665,1.15109,4.28283,0.668628,3.25557,6.54422,-0.124515,0.681817,0.458144,0.282373,1e-13,NA,NA,NA,NA,NA,NA,NA,NA,NA,NA,NA,NA,NA,NA,NA,NA,NA,NA,NA,NA,NA,NA,NA
9,1,1,0,1,0,0,0,0,0,0,0,0,3.1,NA,FOCE_I,NA,935.8,0,12013.029680286998,1.20164,4.85888,0.111709,2.02308,3.57172,-0.134865,0.445274,0.330845,0.272091,1e-13,NA,NA,NA,NA,NA,NA,NA,NA,NA,NA,NA,NA,NA,NA,NA,NA,NA,NA,NA,NA,NA,NA,NA
10,1,1,0,1,0,0,0,0,0,0,0,0,3.3,NA,FOCE_I,NA,1918.82,0,11118.638058548426,1.27623,4.77822,0.115141,1.4988,1.64491,-0.127795,0.532667,0.304832,0.271446,1e-13,NA,NA,NA,NA,NA,NA,NA,NA,NA,NA,NA,NA,NA,NA,NA,NA,NA,NA,NA,NA,NA,NA,NA
11,1,1,0,1,0,0,0,0,0,0,0,0,3.1,NA,FOCE_I,NA,2008.35,0,10635.990260395598,1.2506,5.09357,0.0624984,2.36165,1.20124,-0.130259,0.623403,0.329067,0.283895,1e-13,NA,NA,NA,NA,NA,NA,NA,NA,NA,NA,NA,NA,NA,NA,NA,NA,NA,NA,NA,NA,NA,NA,NA
12,1,1,0,1,0,0,0,0,0,0,0,0,3.2,NA,FOCE_I,NA,1814.84,0,10210.779424124637,1.27201,4.15229,0.162158,2.25249,2.56501,-0.119767,0.585532,0.419839,0.309391,1e-13,NA,NA,NA,NA,NA,NA,NA,NA,NA,NA,NA,NA,NA,NA,NA,NA,NA,NA,NA,NA,NA,NA,NA
13,1,1,0,0,0,0,0,0,1,1,0,0,NA,NA,FOCE_I,NA,2376.17,0,10168.524459534749,1.47001,4.62644,0.204386,1.94038,1.41085,-0.122851,0.49266,0.346096,0.288635,1e-13,NA,NA,NA,NA,NA,NA,NA,NA,NA,NA,NA,NA,NA,NA,NA,NA,NA,NA,NA,NA,NA,NA,NA
14,1,1,0,0,0,0,1,1,3,1,0,0,NA,NA,FOCE_I,NA,2960.92,0,10937.553607444379,1.3219,4.5234,0.399642,2.91338,6.2234,-0.139871,0.618726,0.369615,0.288261,1e-13,NA,NA,NA,NA,NA,NA,NA,NA,NA,NA,NA,NA,NA,NA,NA,NA,NA,NA,NA,NA,NA,NA,NA
15,1,1,0,0,0,0,0,1,0,0,0,0,2.6,NA,FOCE_I,NA,1731.17,0,11149.363197849587,1.35267,4.37806,0.319888,2.8662,4.01433,-0.139408,0.540018,0.348246,0.277236,1e-13,NA,NA,NA,NA,NA,NA,NA,NA,NA,NA,NA,NA,NA,NA,NA,NA,NA,NA,NA,NA,NA,NA,NA
16,1,1,0,0,0,0,0,1,0,0,0,0,NA,NA,FOCE_I,NA,560.57,0,11129.435403237647,1.31611,4.89418,0.219481,2.22225,6.15373,-0.128184,0.508405,0.288257,0.282217,1e-13,NA,NA,NA,NA,NA,NA,NA,NA,NA,NA,NA,NA,NA,NA,NA,NA,NA,NA,NA,NA,NA,NA,NA
17,1,1,0,0,0,0,0,1,0,0,2,0,1.7,NA,FOCE_I,NA,2469.25,0,11574.024644688567,1.37255,4.35768,0.267641,1.90927,3.79978,-0.107394,0.618172,0.31161,0.285527,1e-13,NA,NA,NA,NA,NA,NA,NA,NA,NA,NA,NA,NA,NA,NA,NA,NA,NA,NA,NA,NA,NA,NA,NA
18,1,1,0,0,0,0,0,1,0,0,1,0,3,NA,FOCE_I,NA,2852.12,0,11564.144892022550,1.30782,4.2497,0.558695,2.74544,7.14206,-0.122566,0.752499,0.502688,0.285921,1e-13,NA,NA,NA,NA,NA,NA,NA,NA,NA,NA,NA,NA,NA,NA,NA,NA,NA,NA,NA,NA,NA,NA,NA
19,1,1,0,0,0,0,0,0,1,1,0,0,NA,NA,FOCE_I,NA,1923.54,0,10042.639407166989,1.5281,5.35086,0.112954,4.3487,3.67739,-0.126692,0.544759,0.305635,0.288953,1e-13,NA,NA,NA,NA,NA,NA,NA,NA,NA,NA,NA,NA,NA,NA,NA,NA,NA,NA,NA,NA,NA,NA,NA
20,1,1,0,0,0,0,0,1,0,0,2,0,2.6,NA,FOCE_I,NA,8062.68,0,11384.037380539159,1.32758,4.2096,0.342429,1.99445,1.6326,-0.127733,0.663721,0.400204,0.300811,1e-13,NA,NA,NA,NA,NA,NA,NA,NA,NA,NA,NA,NA,NA,NA,NA,NA,NA,NA,NA,NA,NA,NA,NA
21,1,1,0,0,0,0,0,1,0,0,0,0,2.9,NA,FOCE_I,NA,868.9,0,10738.305266022082,1.41708,4.70646,0.212402,2.06728,5.96036,-0.127447,0.747634,0.433579,0.302718,1e-13,NA,NA,NA,NA,NA,NA,NA,NA,NA,NA,NA,NA,NA,NA,NA,NA,NA,NA,NA,NA,NA,NA,NA
22,1,1,0,0,0,0,0,1,0,0,1,0,1.3,NA,FOCE_I,NA,1305.38,0,10573.148954619297,1.3804,4.56194,0.213665,2.04197,7.06121,-0.127388,0.682967,0.455638,0.287965,1e-13,NA,NA,NA,NA,NA,NA,NA,NA,NA,NA,NA,NA,NA,NA,NA,NA,NA,NA,NA,NA,NA,NA,NA
23,1,1,0,0,0,0,0,1,0,0,1,0,1.7,NA,FOCE_I,NA,2600.96,0,10240.348787417068,1.38865,5.02004,0.185562,1.85833,4.51628,-0.125734,0.572194,0.328824,0.278906,1e-13,NA,NA,NA,NA,NA,NA,NA,NA,NA,NA,NA,NA,NA,NA,NA,NA,NA,NA,NA,NA,NA,NA,NA
24,1,1,0,0,0,0,0,1,0,0,0,0,2.9,NA,FOCE_I,NA,1747.18,0,9547.4967039278490,1.66583,4.60664,0.197216,2.23055,4.28221,-0.130822,0.485768,0.291833,0.277156,1e-13,NA,NA,NA,NA,NA,NA,NA,NA,NA,NA,NA,NA,NA,NA,NA,NA,NA,NA,NA,NA,NA,NA,NA
25,1,1,0,0,0,0,0,1,0,0,0,0,3,NA,FOCE_I,NA,638.16,0,10681.847936872340,1.27839,4.87108,0.247901,2.28741,5.46772,-0.128392,0.603875,0.287398,0.299734,1e-13,NA,NA,NA,NA,NA,NA,NA,NA,NA,NA,NA,NA,NA,NA,NA,NA,NA,NA,NA,NA,NA,NA,NA
26,1,1,0,0,0,0,1,1,2,1,0,0,NA,NA,FOCE_I,NA,1797.36,0,11872.011452660967,1.28153,4.58883,0.237052,1.82072,7.9778,-0.128762,0.714087,0.452091,0.303471,1e-13,NA,NA,NA,NA,NA,NA,NA,NA,NA,NA,NA,NA,NA,NA,NA,NA,NA,NA,NA,NA,NA,NA,NA
27,1,1,0,0,0,0,0,0,0,0,0,0,NA,NA,FOCE_I,NA,2432.48,0,11609.223371387885,1.20152,4.14272,0.250172,3.76248,6.84223,-0.139187,0.54064,0.334688,0.282184,1e-13,NA,NA,NA,NA,NA,NA,NA,NA,NA,NA,NA,NA,NA,NA,NA,NA,NA,NA,NA,NA,NA,NA,NA
28,1,1,0,0,0,0,0,0,1,1,0,0,NA,NA,FOCE_I,NA,2346.16,0,9428.5888984719568,1.51094,4.72194,0.150755,2.33277,6.16095,-0.137243,0.547029,0.323675,0.278175,1e-13,NA,NA,NA,NA,NA,NA,NA,NA,NA,NA,NA,NA,NA,NA,NA,NA,NA,NA,NA,NA,NA,NA,NA
29,1,1,0,0,0,0,0,1,0,0,0,0,1.3,NA,FOCE_I,NA,2098.69,0,10749.552156881598,1.30764,4.67334,0.216332,2.11891,6.31146,-0.123006,0.524241,0.332023,0.295421,1e-13,NA,NA,NA,NA,NA,NA,NA,NA,NA,NA,NA,NA,NA,NA,NA,NA,NA,NA,NA,NA,NA,NA,NA
30,1,1,0,0,0,0,0,1,0,0,0,0,2.4,NA,FOCE_I,NA,3330.99,0,9249.5211452435942,1.59979,5.20635,0.0206389,2.18704,4.41971,-0.138408,0.546605,0.352561,0.292964,1e-13,NA,NA,NA,NA,NA,NA,NA,NA,NA,NA,NA,NA,NA,NA,NA,NA,NA,NA,NA,NA,NA,NA,NA
31,1,1,0,0,0,0,0,0,1,1,0,0,NA,NA,FOCE_I,NA,4100.09,0,12618.576814206212,1.2546,4.67964,0.229945,2.08021,7.81242,-0.125803,0.526971,0.379986,0.278483,1e-13,NA,NA,NA,NA,NA,NA,NA,NA,NA,NA,NA,NA,NA,NA,NA,NA,NA,NA,NA,NA,NA,NA,NA
32,1,1,0,0,0,0,0,1,0,0,0,0,2.8,NA,FOCE_I,NA,1401.48,0,11331.413494058652,1.31941,4.43858,0.16317,1.61057,1.75003,-0.12014,0.627027,0.303013,0.287618,1e-13,NA,NA,NA,NA,NA,NA,NA,NA,NA,NA,NA,NA,NA,NA,NA,NA,NA,NA,NA,NA,NA,NA,NA
33,1,1,0,0,0,0,0,1,0,0,1,0,2.9,NA,FOCE_I,NA,3010.94,0,11421.856228849523,1.3679,4.847,0.226885,2.15167,7.09584,-0.127686,0.647921,0.358911,0.276415,1e-13,NA,NA,NA,NA,NA,NA,NA,NA,NA,NA,NA,NA,NA,NA,NA,NA,NA,NA,NA,NA,NA,NA,NA
34,1,1,0,0,0,0,0,1,0,0,0,0,NA,NA,FOCE_I,NA,2293.32,0,9094.4930200134040,1.48344,4.41594,0.126213,1.70087,7.29983,-0.133356,0.527909,0.366866,0.259658,1e-13,NA,NA,NA,NA,NA,NA,NA,NA,NA,NA,NA,NA,NA,NA,NA,NA,NA,NA,NA,NA,NA,NA,NA
35,1,1,0,0,0,0,0,1,0,0,1,0,1.5,NA,FOCE_I,NA,2139.16,0,9591.9403530440759,1.57207,5.05007,0.168233,2.03502,7.24144,-0.1237,0.576037,0.356666,0.28539,1e-13,NA,NA,NA,NA,NA,NA,NA,NA,NA,NA,NA,NA,NA,NA,NA,NA,NA,NA,NA,NA,NA,NA,NA
36,1,1,0,0,0,0,0,1,0,0,0,0,NA,NA,FOCE_I,NA,1713.11,0,11647.112277687254,1.32788,4.76617,0.192314,2.06897,3.86673,-0.127745,0.545229,0.434204,0.283741,1e-13,NA,NA,NA,NA,NA,NA,NA,NA,NA,NA,NA,NA,NA,NA,NA,NA,NA,NA,NA,NA,NA,NA,NA
37,1,1,0,0,0,0,0,1,0,0,0,0,NA,NA,FOCE_I,NA,1084.86,0,10499.202715116135,1.33171,4.93441,0.20364,2.24025,6.27605,-0.127846,0.721446,0.38081,0.301865,1e-13,NA,NA,NA,NA,NA,NA,NA,NA,NA,NA,NA,NA,NA,NA,NA,NA,NA,NA,NA,NA,NA,NA,NA
38,1,1,0,1,0,0,0,0,0,0,1,0,3.2,NA,FOCE_I,NA,4037.93,0,9936.8244264938476,1.70834,4.65607,0.202129,2.28894,6.50851,-0.13259,0.544262,0.374603,0.295903,1e-13,NA,NA,NA,NA,NA,NA,NA,NA,NA,NA,NA,NA,NA,NA,NA,NA,NA,NA,NA,NA,NA,NA,NA
39,1,1,0,0,0,0,0,1,0,0,1,0,1.5,NA,FOCE_I,NA,1656.54,0,9823.6746652070760,1.44157,4.61883,0.217227,2.12092,5.9589,-0.127393,0.635218,0.408815,0.308572,1e-13,NA,NA,NA,NA,NA,NA,NA,NA,NA,NA,NA,NA,NA,NA,NA,NA,NA,NA,NA,NA,NA,NA,NA
40,1,1,0,1,0,0,0,0,0,0,0,0,3.4,NA,FOCE_I,NA,2246.81,0,8756.5099076524875,1.66653,5.21029,0.179147,2.08425,3.77501,-0.125878,0.574247,0.407401,0.299079,1e-13,NA,NA,NA,NA,NA,NA,NA,NA,NA,NA,NA,NA,NA,NA,NA,NA,NA,NA,NA,NA,NA,NA,NA
41,1,1,0,0,0,0,1,1,4,1,0,0,NA,NA,FOCE_I,NA,5445.29,0,10219.644377682818,1.4774,4.70385,0.0241114,0.188254,6.43267,-0.139871,0.527268,0.289977,0.29023,1e-13,NA,NA,NA,NA,NA,NA,NA,NA,NA,NA,NA,NA,NA,NA,NA,NA,NA,NA,NA,NA,NA,NA,NA
42,1,1,0,0,0,0,0,1,0,0,0,0,2.5,NA,FOCE_I,NA,1717.52,0,11396.678901422336,1.32379,4.67549,0.239429,2.08969,4.18751,-0.117487,0.655097,0.380057,0.284038,1e-13,NA,NA,NA,NA,NA,NA,NA,NA,NA,NA,NA,NA,NA,NA,NA,NA,NA,NA,NA,NA,NA,NA,NA
43,1,1,0,1,0,0,0,0,0,0,0,0,3.6,NA,FOCE_I,NA,2193.55,0,11055.787870167203,1.24535,4.4812,0.189883,1.9002,6.23231,-0.123532,0.507908,0.384127,0.26912,1e-13,NA,NA,NA,NA,NA,NA,NA,NA,NA,NA,NA,NA,NA,NA,NA,NA,NA,NA,NA,NA,NA,NA,NA
44,1,1,0,0,0,0,0,0,0,0,0,0,NA,NA,FOCE_I,NA,3637.35,0,NA,NA,NA,NA,NA,NA,NA,NA,NA,NA,NA,NA,NA,NA,NA,NA,NA,NA,NA,NA,NA,NA,NA,NA,NA,NA,NA,NA,NA,NA,NA,NA,NA,NA
45,1,1,0,0,0,0,1,1,2,1,0,0,NA,NA,FOCE_I,NA,3142.54,0,12065.860774965478,1.31537,4.47303,0.378426,2.64993,4.09197,-0.139871,0.622523,0.387316,0.284709,1e-13,NA,NA,NA,NA,NA,NA,NA,NA,NA,NA,NA,NA,NA,NA,NA,NA,NA,NA,NA,NA,NA,NA,NA
46,1,1,0,0,0,0,0,1,0,0,0,0,2.7,NA,FOCE_I,NA,1913.91,0,10364.152910138995,1.43281,4.84956,0.226329,2.08525,6.7696,-0.129257,0.687711,0.422399,0.291742,1e-13,NA,NA,NA,NA,NA,NA,NA,NA,NA,NA,NA,NA,NA,NA,NA,NA,NA,NA,NA,NA,NA,NA,NA
47,1,1,0,1,0,0,0,0,0,0,1,0,3.7,NA,FOCE_I,NA,2172.42,0,10564.375928992997,1.47967,4.70395,0.226908,1.98347,6.56246,-0.125767,0.566321,0.301752,0.292668,1e-13,NA,NA,NA,NA,NA,NA,NA,NA,NA,NA,NA,NA,NA,NA,NA,NA,NA,NA,NA,NA,NA,NA,NA
48,1,1,0,0,0,0,0,0,0,0,0,0,NA,NA,FOCE_I,NA,2521.3,0,NA,NA,NA,NA,NA,NA,NA,NA,NA,NA,NA,NA,NA,NA,NA,NA,NA,NA,NA,NA,NA,NA,NA,NA,NA,NA,NA,NA,NA,NA,NA,NA,NA,NA
49,1,1,0,0,0,0,0,1,0,0,0,0,3,NA,FOCE_I,NA,1818.04,0,9986.2453839310019,1.56939,5.2058,0.160233,1.69192,1.52423,-0.124615,0.650391,0.403522,0.295318,1e-13,NA,NA,NA,NA,NA,NA,NA,NA,NA,NA,NA,NA,NA,NA,NA,NA,NA,NA,NA,NA,NA,NA,NA
50,1,1,0,1,0,0,0,0,0,0,0,0,3.6,NA,FOCE_I,NA,1865.73,0,11750.111039952140,1.32088,4.50415,0.207038,1.96144,1.62286,-0.128496,0.477174,0.296407,0.283104,1e-13,NA,NA,NA,NA,NA,NA,NA,NA,NA,NA,NA,NA,NA,NA,NA,NA,NA,NA,NA,NA,NA,NA,NA
51,1,1,0,0,0,0,1,1,6,2,0,0,NA,NA,FOCE_I,NA,2228.38,0,11095.300891713057,1.5014,5.97289,0.0448706,0.84642,7.9778,-0.139871,0.537695,0.420943,0.28581,1e-13,NA,NA,NA,NA,NA,NA,NA,NA,NA,NA,NA,NA,NA,NA,NA,NA,NA,NA,NA,NA,NA,NA,NA
52,1,1,0,0,0,0,0,1,0,0,0,0,2.3,NA,FOCE_I,NA,1237.96,0,10558.672235290751,1.31809,4.63542,0.212432,1.87542,5.5824,-0.125993,0.588372,0.46409,0.290134,1e-13,NA,NA,NA,NA,NA,NA,NA,NA,NA,NA,NA,NA,NA,NA,NA,NA,NA,NA,NA,NA,NA,NA,NA
53,1,1,0,0,0,0,0,1,0,0,0,0,2.7,NA,FOCE_I,NA,1571.19,0,9922.8284391635934,1.31201,4.28718,0.207285,1.92638,6.27158,-0.127971,0.574297,0.359138,0.292726,1e-13,NA,NA,NA,NA,NA,NA,NA,NA,NA,NA,NA,NA,NA,NA,NA,NA,NA,NA,NA,NA,NA,NA,NA
54,1,1,0,0,0,0,0,0,0,0,0,0,NA,NA,FOCE_I,NA,1468.97,0,10610.085786502710,1.51843,4.66904,0.240027,2.36084,6.98637,-0.128354,0.668049,0.375654,0.305835,1e-13,NA,NA,NA,NA,NA,NA,NA,NA,NA,NA,NA,NA,NA,NA,NA,NA,NA,NA,NA,NA,NA,NA,NA
55,1,1,0,0,0,0,1,1,2,1,0,0,NA,NA,FOCE_I,NA,2291.51,0,9872.0748158302449,1.59019,4.99106,0.0565035,2.34433,6.51923,-0.139871,0.585601,0.22526,0.298877,1e-13,NA,NA,NA,NA,NA,NA,NA,NA,NA,NA,NA,NA,NA,NA,NA,NA,NA,NA,NA,NA,NA,NA,NA
56,1,1,0,0,0,0,0,1,0,0,0,0,1.7,NA,FOCE_I,NA,1669.45,0,11645.563348023121,1.30288,4.35783,0.513565,2.5924,7.2767,-0.124055,0.614862,0.44533,0.275189,1e-13,NA,NA,NA,NA,NA,NA,NA,NA,NA,NA,NA,NA,NA,NA,NA,NA,NA,NA,NA,NA,NA,NA,NA
57,1,1,0,0,0,0,0,1,0,0,0,0,3,NA,FOCE_I,NA,986.71,0,10078.275421286791,1.48935,4.63142,0.228503,1.9626,5.83318,-0.129379,0.511795,0.378526,0.280525,1e-13,NA,NA,NA,NA,NA,NA,NA,NA,NA,NA,NA,NA,NA,NA,NA,NA,NA,NA,NA,NA,NA,NA,NA
58,1,1,0,0,0,0,0,1,0,0,0,0,NA,NA,FOCE_I,NA,1246.7,0,9896.4717597258496,1.42286,4.77263,0.154817,1.87829,6.12102,-0.126622,0.389066,0.410953,0.284078,1e-13,NA,NA,NA,NA,NA,NA,NA,NA,NA,NA,NA,NA,NA,NA,NA,NA,NA,NA,NA,NA,NA,NA,NA
59,1,1,0,0,0,0,0,1,0,0,0,0,3,NA,FOCE_I,NA,1720.34,0,11158.324795471044,1.30325,5.09189,0.208114,1.93018,4.18043,-0.128969,0.530206,0.268875,0.27454,1e-13,NA,NA,NA,NA,NA,NA,NA,NA,NA,NA,NA,NA,NA,NA,NA,NA,NA,NA,NA,NA,NA,NA,NA
60,1,1,0,0,0,0,1,1,3,1,0,0,NA,NA,FOCE_I,NA,2959.27,0,10425.770308924735,1.65823,4.5636,0.220549,2.3628,7.9778,-0.137132,0.566692,0.420492,0.305334,1e-13,NA,NA,NA,NA,NA,NA,NA,NA,NA,NA,NA,NA,NA,NA,NA,NA,NA,NA,NA,NA,NA,NA,NA
61,1,1,0,0,0,0,1,1,9,1,1,0,NA,NA,FOCE_I,NA,6851.15,0,10305.496985906799,1.41413,4.55143,0.348083,2.24495,4.3545,-0.139871,0.66596,0.449166,0.301272,1e-13,NA,NA,NA,NA,NA,NA,NA,NA,NA,NA,NA,NA,NA,NA,NA,NA,NA,NA,NA,NA,NA,NA,NA
62,1,1,0,0,0,0,0,1,0,0,0,0,NA,NA,FOCE_I,NA,1705.16,0,9726.6748475073964,1.4084,4.658,0.154904,2.13741,6.95378,-0.126325,0.672484,0.434132,0.292199,1e-13,NA,NA,NA,NA,NA,NA,NA,NA,NA,NA,NA,NA,NA,NA,NA,NA,NA,NA,NA,NA,NA,NA,NA
63,1,1,0,0,0,0,1,1,2,1,1,0,NA,NA,FOCE_I,NA,2989.63,0,11394.738037615398,1.40497,4.39665,0.43799,3.07873,1.53331,-0.139871,0.526306,0.360001,0.273392,1e-13,NA,NA,NA,NA,NA,NA,NA,NA,NA,NA,NA,NA,NA,NA,NA,NA,NA,NA,NA,NA,NA,NA,NA
64,1,1,0,0,0,0,0,1,0,0,0,0,2.5,NA,FOCE_I,NA,1806.16,0,12186.731836389654,1.23776,4.46049,0.406466,2.72579,1.73605,-0.126064,0.598799,0.419355,0.277294,1e-13,NA,NA,NA,NA,NA,NA,NA,NA,NA,NA,NA,NA,NA,NA,NA,NA,NA,NA,NA,NA,NA,NA,NA
65,1,1,0,0,0,0,0,1,0,0,0,0,2.4,NA,FOCE_I,NA,4005.79,0,10416.075630801310,1.39004,4.94399,0.290084,1.9508,4.39008,-0.131724,0.682061,0.402968,0.29663,1e-13,NA,NA,NA,NA,NA,NA,NA,NA,NA,NA,NA,NA,NA,NA,NA,NA,NA,NA,NA,NA,NA,NA,NA
66,1,1,0,1,0,0,0,0,0,0,0,0,3.3,NA,FOCE_I,NA,2070.27,0,10789.622280716922,1.46384,4.68662,0.268378,2.43447,3.77287,-0.125271,0.641225,0.459142,0.29682,1e-13,NA,NA,NA,NA,NA,NA,NA,NA,NA,NA,NA,NA,NA,NA,NA,NA,NA,NA,NA,NA,NA,NA,NA
67,1,1,0,0,0,0,0,1,0,0,1,0,1.3,NA,FOCE_I,NA,688.36,0,10988.213491468190,1.32301,4.65516,0.215576,1.98257,6.95853,-0.12749,0.496555,0.397895,0.271076,1e-13,NA,NA,NA,NA,NA,NA,NA,NA,NA,NA,NA,NA,NA,NA,NA,NA,NA,NA,NA,NA,NA,NA,NA
68,1,1,0,0,0,0,0,1,0,0,0,0,2.7,NA,FOCE_I,NA,934.93,0,9635.7298255724327,1.39119,5.10653,0.236581,2.0654,6.00057,-0.128086,0.652862,0.494713,0.292165,1e-13,NA,NA,NA,NA,NA,NA,NA,NA,NA,NA,NA,NA,NA,NA,NA,NA,NA,NA,NA,NA,NA,NA,NA
69,1,1,0,0,0,0,1,1,4,1,0,0,NA,NA,FOCE_I,NA,1881.02,0,10842.456053645135,1.42299,4.21516,0.355545,1.98806,7.9778,-0.126706,0.70869,0.415714,0.301127,1e-13,NA,NA,NA,NA,NA,NA,NA,NA,NA,NA,NA,NA,NA,NA,NA,NA,NA,NA,NA,NA,NA,NA,NA
70,1,1,0,0,0,0,0,1,0,0,0,0,NA,NA,FOCE_I,NA,2823.54,0,8506.3070031122916,1.67246,4.9152,0.0662213,2.88999,4.53258,-0.121939,0.548601,0.378398,0.301897,1e-13,NA,NA,NA,NA,NA,NA,NA,NA,NA,NA,NA,NA,NA,NA,NA,NA,NA,NA,NA,NA,NA,NA,NA
71,1,1,0,1,0,0,0,0,0,0,0,0,3.3,NA,FOCE_I,NA,3238.73,0,8357.3307774059704,1.77919,4.78336,0.125159,2.11902,6.97866,-0.124941,0.580782,0.351402,0.296524,1e-13,NA,NA,NA,NA,NA,NA,NA,NA,NA,NA,NA,NA,NA,NA,NA,NA,NA,NA,NA,NA,NA,NA,NA
72,1,1,0,0,0,0,0,1,0,0,0,0,2.3,NA,FOCE_I,NA,4318.78,0,11091.567368785711,1.42503,5.23231,0.225157,1.32462,1.37667,-0.11773,0.538599,0.37556,0.27733,1e-13,NA,NA,NA,NA,NA,NA,NA,NA,NA,NA,NA,NA,NA,NA,NA,NA,NA,NA,NA,NA,NA,NA,NA
73,1,1,0,0,0,0,1,1,4,1,2,0,NA,NA,FOCE_I,NA,4075.38,0,11004.429087974082,1.32589,4.5013,0.515096,2.93725,4.90839,-0.139871,0.644993,0.469125,0.287752,1e-13,NA,NA,NA,NA,NA,NA,NA,NA,NA,NA,NA,NA,NA,NA,NA,NA,NA,NA,NA,NA,NA,NA,NA
74,1,1,0,0,0,0,0,1,0,0,0,0,NA,NA,FOCE_I,NA,1690.71,0,11355.449987620768,1.40488,5.10641,0.190779,2.33166,3.44405,-0.127429,0.645716,0.418686,0.282697,1e-13,NA,NA,NA,NA,NA,NA,NA,NA,NA,NA,NA,NA,NA,NA,NA,NA,NA,NA,NA,NA,NA,NA,NA
75,1,1,0,0,0,0,0,1,0,0,0,0,2.3,NA,FOCE_I,NA,1922.16,0,10348.414232342224,1.55966,5.05598,0.0818124,2.10452,2.18659,-0.138167,0.604311,0.300343,0.297694,1e-13,NA,NA,NA,NA,NA,NA,NA,NA,NA,NA,NA,NA,NA,NA,NA,NA,NA,NA,NA,NA,NA,NA,NA
76,1,1,0,0,0,0,0,1,0,0,0,0,3,NA,FOCE_I,NA,2885.29,0,9504.6832211778965,1.50402,4.26998,0.256762,1.97178,2.58666,-0.12922,0.512805,0.451095,0.294482,1e-13,NA,NA,NA,NA,NA,NA,NA,NA,NA,NA,NA,NA,NA,NA,NA,NA,NA,NA,NA,NA,NA,NA,NA
77,1,1,0,0,0,0,0,1,0,0,0,0,NA,NA,FOCE_I,NA,1189.27,0,10498.578808099561,1.42179,4.60039,0.210909,1.96284,4.48512,-0.123613,0.62456,0.415556,0.277456,1e-13,NA,NA,NA,NA,NA,NA,NA,NA,NA,NA,NA,NA,NA,NA,NA,NA,NA,NA,NA,NA,NA,NA,NA
78,1,1,0,0,0,0,0,1,0,0,1,0,2,NA,FOCE_I,NA,1336.5,0,10586.800796153038,1.21117,4.23957,0.202805,1.79626,3.98957,-0.127137,0.564396,0.440767,0.297927,1e-13,NA,NA,NA,NA,NA,NA,NA,NA,NA,NA,NA,NA,NA,NA,NA,NA,NA,NA,NA,NA,NA,NA,NA
79,1,1,0,0,0,0,0,1,0,0,0,0,2.9,NA,FOCE_I,NA,2100.42,0,9454.5338312031581,1.523,4.85018,0.159511,1.53608,4.12,-0.113997,0.683961,0.349249,0.308336,1e-13,NA,NA,NA,NA,NA,NA,NA,NA,NA,NA,NA,NA,NA,NA,NA,NA,NA,NA,NA,NA,NA,NA,NA
80,1,1,0,0,0,0,0,0,1,1,0,0,NA,NA,FOCE_I,NA,1870.18,0,11115.388404149786,1.5621,4.3935,0.111172,2.8048,1.61602,-0.126155,0.534615,0.340296,0.28218,1e-13,NA,NA,NA,NA,NA,NA,NA,NA,NA,NA,NA,NA,NA,NA,NA,NA,NA,NA,NA,NA,NA,NA,NA
81,1,1,0,0,0,0,0,1,0,0,1,0,2.6,NA,FOCE_I,NA,2400.81,0,12328.748379869496,1.22394,4.53697,0.545196,2.83727,1.47283,-0.124531,0.460808,0.449138,0.261504,1e-13,NA,NA,NA,NA,NA,NA,NA,NA,NA,NA,NA,NA,NA,NA,NA,NA,NA,NA,NA,NA,NA,NA,NA
82,1,1,0,0,0,0,1,1,2,1,0,0,NA,NA,FOCE_I,NA,2091.77,0,10130.580680499921,1.42254,4.06997,0.0784946,0.737683,5.81887,-0.139871,0.592496,0.391552,0.310675,1e-13,NA,NA,NA,NA,NA,NA,NA,NA,NA,NA,NA,NA,NA,NA,NA,NA,NA,NA,NA,NA,NA,NA,NA
83,1,1,0,0,0,0,0,0,0,0,1,0,NA,NA,FOCE_I,NA,1666.23,0,10836.341771941718,1.31134,4.35714,0.231516,2.31009,3.6539,-0.128672,0.652134,0.372778,0.293156,1e-13,NA,NA,NA,NA,NA,NA,NA,NA,NA,NA,NA,NA,NA,NA,NA,NA,NA,NA,NA,NA,NA,NA,NA
84,1,1,0,1,0,0,0,0,0,0,0,0,3,NA,FOCE_I,NA,2104.62,0,10695.953108528911,1.23051,4.5636,0.203918,2.09406,4.39422,-0.12232,0.636836,0.382125,0.292949,1e-13,NA,NA,NA,NA,NA,NA,NA,NA,NA,NA,NA,NA,NA,NA,NA,NA,NA,NA,NA,NA,NA,NA,NA
85,1,1,0,0,0,0,0,0,0,0,1,0,NA,NA,FOCE_I,NA,1429.92,0,11596.665802018226,1.26111,4.03852,0.222999,1.87719,6.5241,-0.129702,0.699282,0.318407,0.307431,1e-13,NA,NA,NA,NA,NA,NA,NA,NA,NA,NA,NA,NA,NA,NA,NA,NA,NA,NA,NA,NA,NA,NA,NA
86,1,1,0,1,0,0,0,0,0,0,0,0,3.4,NA,FOCE_I,NA,1726.49,0,12504.949058237307,1.10874,4.01912,0.71127,3.34718,5.20568,-0.119636,0.560957,0.36405,0.268044,1e-13,NA,NA,NA,NA,NA,NA,NA,NA,NA,NA,NA,NA,NA,NA,NA,NA,NA,NA,NA,NA,NA,NA,NA
87,1,1,0,1,0,0,0,0,0,0,0,0,3.3,NA,FOCE_I,NA,1685.13,0,10145.649407204961,1.24388,4.61404,0.0574683,1.51225,4.07201,-0.139414,0.557373,0.384681,0.300959,1e-13,NA,NA,NA,NA,NA,NA,NA,NA,NA,NA,NA,NA,NA,NA,NA,NA,NA,NA,NA,NA,NA,NA,NA
88,1,1,0,0,0,0,0,1,0,0,0,0,2.7,NA,FOCE_I,NA,1784.31,0,9122.1792958012174,1.64208,4.45941,0.223398,2.27107,6.53499,-0.12772,0.512673,0.403692,0.271751,1e-13,NA,NA,NA,NA,NA,NA,NA,NA,NA,NA,NA,NA,NA,NA,NA,NA,NA,NA,NA,NA,NA,NA,NA
89,1,1,0,0,0,0,0,1,0,0,0,0,2.6,NA,FOCE_I,NA,2451.79,0,9887.2567635555024,1.5276,4.61144,0.133734,2.00009,7.04302,-0.130843,0.556108,0.372228,0.297431,1e-13,NA,NA,NA,NA,NA,NA,NA,NA,NA,NA,NA,NA,NA,NA,NA,NA,NA,NA,NA,NA,NA,NA,NA
90,1,1,0,0,0,0,0,1,0,0,0,0,2.1,NA,FOCE_I,NA,1739.59,0,9442.9976155032873,1.39924,4.71757,0.219859,2.07128,6.42602,-0.125154,0.515336,0.380304,0.298676,1e-13,NA,NA,NA,NA,NA,NA,NA,NA,NA,NA,NA,NA,NA,NA,NA,NA,NA,NA,NA,NA,NA,NA,NA
91,1,1,0,0,0,0,0,1,0,0,1,0,NA,NA,FOCE_I,NA,1529.27,0,10881.331610515541,1.3523,4.60122,0.191789,2.05142,5.83128,-0.128431,0.659771,0.240103,0.297742,1e-13,NA,NA,NA,NA,NA,NA,NA,NA,NA,NA,NA,NA,NA,NA,NA,NA,NA,NA,NA,NA,NA,NA,NA
92,1,1,0,0,0,0,0,0,0,0,0,0,NA,NA,FOCE_I,NA,252.38,0,NA,NA,NA,NA,NA,NA,NA,NA,NA,NA,NA,NA,NA,NA,NA,NA,NA,NA,NA,NA,NA,NA,NA,NA,NA,NA,NA,NA,NA,NA,NA,NA,NA,NA
93,1,1,0,0,0,0,0,1,0,0,0,0,2.6,NA,FOCE_I,NA,2924,0,9394.3609695877331,1.55268,5.31471,0.193602,1.78259,3.9494,-0.129256,0.526022,0.458741,0.285417,1e-13,NA,NA,NA,NA,NA,NA,NA,NA,NA,NA,NA,NA,NA,NA,NA,NA,NA,NA,NA,NA,NA,NA,NA
94,1,1,0,0,0,0,0,1,0,0,0,0,2.4,NA,FOCE_I,NA,2298.89,0,10486.343657054204,1.51536,4.74389,0.181597,1.70052,3.94321,-0.139109,0.547877,0.421027,0.287994,1e-13,NA,NA,NA,NA,NA,NA,NA,NA,NA,NA,NA,NA,NA,NA,NA,NA,NA,NA,NA,NA,NA,NA,NA
95,1,1,0,0,0,0,0,1,0,0,1,0,2.3,NA,FOCE_I,NA,2777.81,0,11116.196864224672,1.4534,4.8887,0.218081,1.30786,1.17012,-0.127523,0.754761,0.396541,0.300043,1e-13,NA,NA,NA,NA,NA,NA,NA,NA,NA,NA,NA,NA,NA,NA,NA,NA,NA,NA,NA,NA,NA,NA,NA
96,1,1,0,1,0,0,0,0,0,0,0,0,3.9,NA,FOCE_I,NA,2085.05,0,11569.935854387239,1.26867,4.25232,0.209104,1.57293,1.45501,-0.124729,0.533806,0.346412,0.284785,1e-13,NA,NA,NA,NA,NA,NA,NA,NA,NA,NA,NA,NA,NA,NA,NA,NA,NA,NA,NA,NA,NA,NA,NA
97,1,1,0,0,0,0,0,1,0,0,0,0,NA,NA,FOCE_I,NA,771.2,0,10294.950508042066,1.40905,4.59273,0.204763,2.09591,7.00675,-0.129365,0.59554,0.392942,0.290174,1e-13,NA,NA,NA,NA,NA,NA,NA,NA,NA,NA,NA,NA,NA,NA,NA,NA,NA,NA,NA,NA,NA,NA,NA
98,1,1,0,0,0,0,0,1,0,0,1,0,2.3,NA,FOCE_I,NA,2109.03,0,10313.294603462382,1.59118,4.63167,0.167894,1.72423,7.08788,-0.123734,0.588067,0.330954,0.280596,1e-13,NA,NA,NA,NA,NA,NA,NA,NA,NA,NA,NA,NA,NA,NA,NA,NA,NA,NA,NA,NA,NA,NA,NA
99,1,1,0,0,0,0,1,1,1,1,1,0,NA,NA,FOCE_I,NA,2260.46,0,11838.157740314473,1.33515,4.47201,0.356557,2.23077,7.9778,-0.123381,0.614874,0.430836,0.282893,1e-13,NA,NA,NA,NA,NA,NA,NA,NA,NA,NA,NA,NA,NA,NA,NA,NA,NA,NA,NA,NA,NA,NA,NA
100,1,1,0,0,0,0,0,1,0,0,0,0,NA,NA,FOCE_I,NA,1381.36,0,10185.108789319944,1.37565,4.83521,0.147336,2.11387,4.09366,-0.128401,0.572177,0.394347,0.278385,1e-13,NA,NA,NA,NA,NA,NA,NA,NA,NA,NA,NA,NA,NA,NA,NA,NA,NA,NA,NA,NA,NA,NA,NA
101,1,1,0,0,0,0,0,1,0,0,0,0,1.4,NA,FOCE_I,NA,1657.87,0,11049.846073145301,1.36448,4.30275,0.365557,2.80571,7.01741,-0.139462,0.547622,0.336619,0.278059,1e-13,NA,NA,NA,NA,NA,NA,NA,NA,NA,NA,NA,NA,NA,NA,NA,NA,NA,NA,NA,NA,NA,NA,NA
102,1,1,0,1,0,0,0,0,0,0,0,0,3.2,NA,FOCE_I,NA,1357.63,0,11279.491270782946,1.28389,4.74053,0.207468,2.16062,3.88359,-0.127266,0.543014,0.387078,0.277322,1e-13,NA,NA,NA,NA,NA,NA,NA,NA,NA,NA,NA,NA,NA,NA,NA,NA,NA,NA,NA,NA,NA,NA,NA
103,1,1,0,0,0,0,0,1,0,0,0,0,2.1,NA,FOCE_I,NA,1215.97,0,11006.708014362604,1.35042,4.35044,0.232043,1.98799,3.32664,-0.127993,0.602594,0.459431,0.291747,1e-13,NA,NA,NA,NA,NA,NA,NA,NA,NA,NA,NA,NA,NA,NA,NA,NA,NA,NA,NA,NA,NA,NA,NA
104,1,1,0,0,0,0,0,1,0,0,0,0,1.7,NA,FOCE_I,NA,2158.08,0,9738.2548228166488,1.41891,4.58312,0.198834,1.83718,4.56914,-0.127363,0.500526,0.29852,0.284386,1e-13,NA,NA,NA,NA,NA,NA,NA,NA,NA,NA,NA,NA,NA,NA,NA,NA,NA,NA,NA,NA,NA,NA,NA
105,1,1,0,1,0,0,0,0,0,0,0,0,3.1,NA,FOCE_I,NA,1871.5,0,10936.109635529170,1.28879,4.38538,0.347582,2.61443,6.03782,-0.13857,0.524365,0.400422,0.28671,1e-13,NA,NA,NA,NA,NA,NA,NA,NA,NA,NA,NA,NA,NA,NA,NA,NA,NA,NA,NA,NA,NA,NA,NA
106,1,1,0,0,0,0,0,1,0,0,2,0,3,NA,FOCE_I,NA,1881.61,0,11617.577950527073,1.35057,4.61502,0.201806,2.12496,3.69186,-0.123658,0.661859,0.399608,0.300117,1e-13,NA,NA,NA,NA,NA,NA,NA,NA,NA,NA,NA,NA,NA,NA,NA,NA,NA,NA,NA,NA,NA,NA,NA
107,1,1,0,0,0,0,0,1,0,0,1,0,2.8,NA,FOCE_I,NA,2705.33,0,10526.034827272650,1.33631,4.73964,0.406047,2.47847,6.20606,-0.117375,0.603779,0.322051,0.261347,1e-13,NA,NA,NA,NA,NA,NA,NA,NA,NA,NA,NA,NA,NA,NA,NA,NA,NA,NA,NA,NA,NA,NA,NA
108,1,1,0,1,0,0,0,0,0,0,0,0,3.5,NA,FOCE_I,NA,1605.93,0,10452.514487637709,1.45011,4.84997,0.288265,2.36797,3.70977,-0.125382,0.580608,0.386147,0.282498,1e-13,NA,NA,NA,NA,NA,NA,NA,NA,NA,NA,NA,NA,NA,NA,NA,NA,NA,NA,NA,NA,NA,NA,NA
109,1,1,0,0,0,0,0,1,0,0,0,0,NA,NA,FOCE_I,NA,855.05,0,11819.552821496862,1.20279,4.17763,0.192123,1.86706,3.95732,-0.127291,0.567099,0.36881,0.272164,1e-13,NA,NA,NA,NA,NA,NA,NA,NA,NA,NA,NA,NA,NA,NA,NA,NA,NA,NA,NA,NA,NA,NA,NA
110,1,1,0,0,0,0,1,1,5,1,0,0,NA,NA,FOCE_I,NA,1201.18,0,11869.169565403163,1.33063,4.30291,0.65191,2.79614,7.9778,-0.120184,0.675462,0.48957,0.269452,1e-13,NA,NA,NA,NA,NA,NA,NA,NA,NA,NA,NA,NA,NA,NA,NA,NA,NA,NA,NA,NA,NA,NA,NA
111,1,1,0,0,0,0,0,1,0,0,0,0,2.6,NA,FOCE_I,NA,3270.64,0,10523.056682858531,1.58305,3.76616,0.0897826,2.17649,7.96604,-0.136391,0.493574,0.445067,0.280755,1e-13,NA,NA,NA,NA,NA,NA,NA,NA,NA,NA,NA,NA,NA,NA,NA,NA,NA,NA,NA,NA,NA,NA,NA
112,1,1,0,0,0,0,0,1,0,0,0,0,NA,NA,FOCE_I,NA,2883.4,0,11844.502524477350,1.22158,3.65209,0.44799,2.46593,1.53237,-0.126432,0.666176,0.330114,0.28202,1e-13,NA,NA,NA,NA,NA,NA,NA,NA,NA,NA,NA,NA,NA,NA,NA,NA,NA,NA,NA,NA,NA,NA,NA
113,1,1,0,0,0,0,0,0,1,1,0,0,NA,NA,FOCE_I,NA,2277.09,0,10191.675768928713,1.42903,5.14028,0.124913,2.03708,6.22959,-0.136295,0.606355,0.36961,0.299383,1e-13,NA,NA,NA,NA,NA,NA,NA,NA,NA,NA,NA,NA,NA,NA,NA,NA,NA,NA,NA,NA,NA,NA,NA
114,1,1,0,1,0,0,0,0,0,0,0,0,3.2,NA,FOCE_I,NA,2415.32,0,10073.769709460590,1.553,5.08374,0.208227,1.9357,6.39397,-0.119164,0.616349,0.335368,0.292795,1e-13,NA,NA,NA,NA,NA,NA,NA,NA,NA,NA,NA,NA,NA,NA,NA,NA,NA,NA,NA,NA,NA,NA,NA
115,1,1,0,0,0,0,0,1,0,0,1,0,2.6,NA,FOCE_I,NA,2537.76,0,11713.128376937651,1.25896,4.30421,0.423733,2.29756,7.17696,-0.122278,0.591324,0.402674,0.276401,1e-13,NA,NA,NA,NA,NA,NA,NA,NA,NA,NA,NA,NA,NA,NA,NA,NA,NA,NA,NA,NA,NA,NA,NA
116,1,1,0,0,0,0,0,0,1,1,0,0,NA,NA,FOCE_I,NA,1686.49,0,11164.215423410840,1.26781,4.96757,0.203144,1.6912,7.22191,-0.123398,0.607028,0.381714,0.285013,1e-13,NA,NA,NA,NA,NA,NA,NA,NA,NA,NA,NA,NA,NA,NA,NA,NA,NA,NA,NA,NA,NA,NA,NA
117,1,1,0,1,0,0,0,0,0,0,0,0,3.3,NA,FOCE_I,NA,1483.15,0,11971.345364866656,1.20019,4.6393,0.196057,2.45892,3.62261,-0.123446,0.608273,0.404617,0.298646,1e-13,NA,NA,NA,NA,NA,NA,NA,NA,NA,NA,NA,NA,NA,NA,NA,NA,NA,NA,NA,NA,NA,NA,NA
118,1,1,0,0,0,0,0,0,0,0,0,0,NA,NA,FOCE_I,NA,734.02,0,10217.604665767962,1.52898,4.494,0.200063,1.9267,6.70979,-0.127584,0.624362,0.390349,0.288088,1e-13,NA,NA,NA,NA,NA,NA,NA,NA,NA,NA,NA,NA,NA,NA,NA,NA,NA,NA,NA,NA,NA,NA,NA
119,1,1,0,1,0,0,0,0,0,0,0,0,3.2,NA,FOCE_I,NA,2046.6,0,7871.2186966797462,1.80473,4.8835,0.0531287,1.67917,3.47492,-0.127942,0.542605,0.340895,0.304217,1e-13,NA,NA,NA,NA,NA,NA,NA,NA,NA,NA,NA,NA,NA,NA,NA,NA,NA,NA,NA,NA,NA,NA,NA
120,1,1,0,1,0,0,0,0,0,0,0,0,3.4,NA,FOCE_I,NA,915.36,0,9393.3599884824998,1.42156,4.62732,0.199041,2.1851,5.86432,-0.12844,0.528158,0.26593,0.287321,1e-13,NA,NA,NA,NA,NA,NA,NA,NA,NA,NA,NA,NA,NA,NA,NA,NA,NA,NA,NA,NA,NA,NA,NA
121,1,1,0,0,0,0,0,1,0,0,0,0,0.7,NA,FOCE_I,NA,2836.3,0,12509.141463894026,1.25495,4.57577,0.574706,3.58504,4.44097,-0.12708,0.578641,0.486287,0.259104,1e-13,NA,NA,NA,NA,NA,NA,NA,NA,NA,NA,NA,NA,NA,NA,NA,NA,NA,NA,NA,NA,NA,NA,NA
122,1,1,0,0,0,0,0,1,0,0,0,0,2.4,NA,FOCE_I,NA,1670.33,0,12415.037436647202,1.19568,4.66899,0.423589,2.90992,4.1793,-0.128905,0.603436,0.353355,0.269811,1e-13,NA,NA,NA,NA,NA,NA,NA,NA,NA,NA,NA,NA,NA,NA,NA,NA,NA,NA,NA,NA,NA,NA,NA
123,1,1,0,0,0,0,0,1,0,0,1,0,3,NA,FOCE_I,NA,2720.47,0,9922.5405157461682,1.70692,5.25453,0.259299,2.84836,1.52677,-0.126483,0.544704,0.467996,0.290136,1e-13,NA,NA,NA,NA,NA,NA,NA,NA,NA,NA,NA,NA,NA,NA,NA,NA,NA,NA,NA,NA,NA,NA,NA
124,1,1,0,0,0,0,0,1,0,0,0,0,2.8,NA,FOCE_I,NA,2733.56,0,9401.3818563254226,1.31007,4.15382,0.232326,3.0406,1.7718,-0.129532,0.550135,0.470098,0.307265,1e-13,NA,NA,NA,NA,NA,NA,NA,NA,NA,NA,NA,NA,NA,NA,NA,NA,NA,NA,NA,NA,NA,NA,NA
125,1,1,0,0,0,0,0,1,0,0,1,0,2.7,NA,FOCE_I,NA,2590.7,0,9336.4622704159392,1.56734,5.28341,0.196045,2.07587,6.19248,-0.133931,0.680745,0.338413,0.312694,1e-13,NA,NA,NA,NA,NA,NA,NA,NA,NA,NA,NA,NA,NA,NA,NA,NA,NA,NA,NA,NA,NA,NA,NA
126,1,1,0,0,0,0,0,1,0,0,0,0,2.1,NA,FOCE_I,NA,2424.9,0,9888.5876527863129,1.44076,4.99343,0.141489,1.22629,4.04562,-0.127858,0.428807,0.381457,0.279493,1e-13,NA,NA,NA,NA,NA,NA,NA,NA,NA,NA,NA,NA,NA,NA,NA,NA,NA,NA,NA,NA,NA,NA,NA
127,1,1,0,0,0,0,0,1,0,0,0,0,2,NA,FOCE_I,NA,4807.64,0,10893.845688643452,1.20914,4.24851,0.450171,2.20002,6.27826,-0.12721,0.636108,0.389383,0.263915,1e-13,NA,NA,NA,NA,NA,NA,NA,NA,NA,NA,NA,NA,NA,NA,NA,NA,NA,NA,NA,NA,NA,NA,NA
128,1,1,0,0,0,0,0,1,0,0,0,0,2.8,NA,FOCE_I,NA,2132.26,0,10808.631866894220,1.37261,4.65526,0.220698,2.04553,6.93545,-0.12725,0.663507,0.363052,0.276917,1e-13,NA,NA,NA,NA,NA,NA,NA,NA,NA,NA,NA,NA,NA,NA,NA,NA,NA,NA,NA,NA,NA,NA,NA
129,1,1,0,1,0,0,0,0,0,0,0,0,3.4,NA,FOCE_I,NA,1638.78,0,9367.4691672167355,1.40948,4.77038,0.305702,2.32994,4.28989,-0.127244,0.579613,0.357737,0.288508,1e-13,NA,NA,NA,NA,NA,NA,NA,NA,NA,NA,NA,NA,NA,NA,NA,NA,NA,NA,NA,NA,NA,NA,NA
130,1,1,0,0,0,0,1,1,5,1,1,0,NA,NA,FOCE_I,NA,2479.6,0,12360.978946520421,1.28589,4.51062,0.559154,3.31036,7.9652,-0.139871,0.552002,0.500742,0.266773,1e-13,NA,NA,NA,NA,NA,NA,NA,NA,NA,NA,NA,NA,NA,NA,NA,NA,NA,NA,NA,NA,NA,NA,NA
131,1,1,0,0,0,0,0,1,0,0,0,0,2.5,NA,FOCE_I,NA,1852.27,0,10694.214977690684,1.48959,4.71291,0.21293,1.8659,3.91052,-0.12893,0.546585,0.470251,0.275322,1e-13,NA,NA,NA,NA,NA,NA,NA,NA,NA,NA,NA,NA,NA,NA,NA,NA,NA,NA,NA,NA,NA,NA,NA
132,1,1,0,0,0,0,0,0,1,1,1,0,NA,NA,FOCE_I,NA,1981.46,0,10488.675294164723,1.49174,4.53163,0.19179,2.09896,4.50564,-0.127158,0.497142,0.304244,0.292454,1e-13,NA,NA,NA,NA,NA,NA,NA,NA,NA,NA,NA,NA,NA,NA,NA,NA,NA,NA,NA,NA,NA,NA,NA
133,1,1,0,0,0,0,0,1,0,0,0,0,3,NA,FOCE_I,NA,1585.68,0,9491.5960132630044,1.57861,4.91053,0.202905,2.1962,5.76398,-0.120009,0.567373,0.346292,0.292521,1e-13,NA,NA,NA,NA,NA,NA,NA,NA,NA,NA,NA,NA,NA,NA,NA,NA,NA,NA,NA,NA,NA,NA,NA
134,1,1,0,1,0,0,0,0,0,0,0,0,3.3,NA,FOCE_I,NA,1460.33,0,9695.2794199459750,1.46448,4.85858,0.201991,1.94255,3.01611,-0.124256,0.577172,0.363455,0.306412,1e-13,NA,NA,NA,NA,NA,NA,NA,NA,NA,NA,NA,NA,NA,NA,NA,NA,NA,NA,NA,NA,NA,NA,NA
135,1,1,0,0,0,0,0,1,0,0,1,0,2.4,NA,FOCE_I,NA,3034.36,0,10852.875949170713,1.55483,4.70409,0.106345,1.66678,3.77416,-0.134865,0.646541,0.320479,0.291055,1e-13,NA,NA,NA,NA,NA,NA,NA,NA,NA,NA,NA,NA,NA,NA,NA,NA,NA,NA,NA,NA,NA,NA,NA
136,1,1,0,0,0,0,0,1,0,0,0,0,2.9,NA,FOCE_I,NA,1976.01,0,9866.7077474890430,1.42517,4.57536,0.22247,2.05501,4.18898,-0.125414,0.611758,0.382669,0.299905,1e-13,NA,NA,NA,NA,NA,NA,NA,NA,NA,NA,NA,NA,NA,NA,NA,NA,NA,NA,NA,NA,NA,NA,NA
137,1,1,0,0,0,0,0,1,0,0,0,0,2.8,NA,FOCE_I,NA,1074.19,0,10976.449070250299,1.2718,4.58131,0.212161,2.04948,4.38438,-0.126979,0.598843,0.452502,0.280893,1e-13,NA,NA,NA,NA,NA,NA,NA,NA,NA,NA,NA,NA,NA,NA,NA,NA,NA,NA,NA,NA,NA,NA,NA
138,1,1,0,1,0,0,0,0,0,0,0,0,3.6,NA,FOCE_I,NA,1235.23,0,11795.223231435599,1.37551,4.64732,0.214427,2.02785,6.4502,-0.127669,0.53824,0.418896,0.294234,1e-13,NA,NA,NA,NA,NA,NA,NA,NA,NA,NA,NA,NA,NA,NA,NA,NA,NA,NA,NA,NA,NA,NA,NA
139,1,1,0,0,0,0,0,1,0,0,0,0,NA,NA,FOCE_I,NA,1237.95,0,11452.072480851604,1.27817,4.36041,0.206624,2.04412,7.86708,-0.129191,0.613491,0.377353,0.288778,1e-13,NA,NA,NA,NA,NA,NA,NA,NA,NA,NA,NA,NA,NA,NA,NA,NA,NA,NA,NA,NA,NA,NA,NA
140,1,1,0,0,0,0,1,0,8,3,0,0,NA,NA,FOCE_I,NA,3976.32,0,11080.978731919056,1.41223,4.2649,0.32761,1.87055,2.87274,-0.139871,0.595958,0.378224,0.290549,1e-13,NA,NA,NA,NA,NA,NA,NA,NA,NA,NA,NA,NA,NA,NA,NA,NA,NA,NA,NA,NA,NA,NA,NA
141,1,1,0,0,0,0,0,1,0,0,0,0,NA,NA,FOCE_I,NA,1465.07,0,10107.664072740370,1.53399,5.0953,0.180194,1.92463,6.46463,-0.127667,0.53572,0.307617,0.290734,1e-13,NA,NA,NA,NA,NA,NA,NA,NA,NA,NA,NA,NA,NA,NA,NA,NA,NA,NA,NA,NA,NA,NA,NA
142,1,1,0,1,0,0,0,0,0,0,0,0,3.2,NA,FOCE_I,NA,1612.91,0,11028.981250409795,1.38778,5.2823,0.240387,2.22769,3.77331,-0.126665,0.493306,0.309246,0.274709,1e-13,NA,NA,NA,NA,NA,NA,NA,NA,NA,NA,NA,NA,NA,NA,NA,NA,NA,NA,NA,NA,NA,NA,NA
143,1,1,0,1,0,0,0,0,0,0,0,0,3.1,NA,FOCE_I,NA,3865.52,0,10815.559438917091,1.32941,4.0916,0.438532,2.77411,4.38373,-0.126086,0.581994,0.425086,0.283315,1e-13,NA,NA,NA,NA,NA,NA,NA,NA,NA,NA,NA,NA,NA,NA,NA,NA,NA,NA,NA,NA,NA,NA,NA
144,1,1,0,0,0,0,0,0,0,0,2,0,NA,NA,FOCE_I,NA,6045.82,0,11476.239585012998,1.18496,4.10454,0.597152,3.35706,4.53949,-0.12091,0.603922,0.41144,0.294108,1e-13,NA,NA,NA,NA,NA,NA,NA,NA,NA,NA,NA,NA,NA,NA,NA,NA,NA,NA,NA,NA,NA,NA,NA
145,1,1,0,0,0,0,0,1,0,0,1,0,NA,NA,FOCE_I,NA,2684.32,0,9308.8420452177124,1.60872,5.31734,0.0294792,0.583658,3.79095,-0.119079,0.567094,0.37556,0.304041,1e-13,NA,NA,NA,NA,NA,NA,NA,NA,NA,NA,NA,NA,NA,NA,NA,NA,NA,NA,NA,NA,NA,NA,NA
146,1,1,0,0,0,0,0,1,0,0,0,0,1.9,NA,FOCE_I,NA,2718.83,0,10431.757850684782,1.48206,4.90587,0.209343,1.63865,7.2938,-0.123808,0.451244,0.324833,0.274287,1e-13,NA,NA,NA,NA,NA,NA,NA,NA,NA,NA,NA,NA,NA,NA,NA,NA,NA,NA,NA,NA,NA,NA,NA
147,1,1,0,0,0,0,0,0,1,1,0,0,NA,NA,FOCE_I,NA,2543.89,0,11114.285715357808,1.26766,4.73351,0.224384,2.31207,3.75909,-0.128668,0.511316,0.382796,0.288009,1e-13,NA,NA,NA,NA,NA,NA,NA,NA,NA,NA,NA,NA,NA,NA,NA,NA,NA,NA,NA,NA,NA,NA,NA
148,1,1,0,0,0,0,0,1,0,0,0,0,1.7,NA,FOCE_I,NA,1071.69,0,10754.133842054856,1.33202,4.5051,0.254266,1.61952,4.58542,-0.12609,0.503596,0.41653,0.273207,1e-13,NA,NA,NA,NA,NA,NA,NA,NA,NA,NA,NA,NA,NA,NA,NA,NA,NA,NA,NA,NA,NA,NA,NA
149,1,1,0,0,0,0,0,1,0,0,0,0,2.8,NA,FOCE_I,NA,2729.18,0,9470.9445888399205,1.36556,5.06518,0.0522871,1.3781,3.79249,-0.125671,0.622743,0.422784,0.291932,1e-13,NA,NA,NA,NA,NA,NA,NA,NA,NA,NA,NA,NA,NA,NA,NA,NA,NA,NA,NA,NA,NA,NA,NA
150,1,1,0,0,0,0,0,1,0,0,0,0,2.9,NA,FOCE_I,NA,2229.13,0,8741.1455146655589,1.58282,4.66347,0.0641142,1.59698,4.51408,-0.138495,0.457307,0.380314,0.297048,1e-13,NA,NA,NA,NA,NA,NA,NA,NA,NA,NA,NA,NA,NA,NA,NA,NA,NA,NA,NA,NA,NA,NA,NA
151,1,1,0,0,0,0,0,1,0,0,0,0,2.6,NA,FOCE_I,NA,613.67,0,11258.728960272643,1.24683,4.65964,0.195181,2.03102,5.80818,-0.128138,0.482588,0.294159,0.282577,1e-13,NA,NA,NA,NA,NA,NA,NA,NA,NA,NA,NA,NA,NA,NA,NA,NA,NA,NA,NA,NA,NA,NA,NA
152,1,1,0,0,0,0,0,1,0,0,0,0,NA,NA,FOCE_I,NA,1933.03,0,11008.489520195419,1.33279,4.35359,0.437566,2.58475,6.07712,-0.126668,0.7557,0.480432,0.297001,1e-13,NA,NA,NA,NA,NA,NA,NA,NA,NA,NA,NA,NA,NA,NA,NA,NA,NA,NA,NA,NA,NA,NA,NA
153,1,1,0,0,0,0,0,1,0,0,0,0,1.2,NA,FOCE_I,NA,2168.4,0,9884.5663439615637,1.51878,4.81953,0.134352,1.57241,6.18307,-0.137097,0.47303,0.392552,0.29334,1e-13,NA,NA,NA,NA,NA,NA,NA,NA,NA,NA,NA,NA,NA,NA,NA,NA,NA,NA,NA,NA,NA,NA,NA
154,1,1,0,1,0,0,0,0,0,0,0,0,3.3,NA,FOCE_I,NA,644.88,0,9113.9572543840895,1.40913,4.68456,0.220708,2.06235,5.77742,-0.127749,0.540575,0.5327,0.276711,1e-13,NA,NA,NA,NA,NA,NA,NA,NA,NA,NA,NA,NA,NA,NA,NA,NA,NA,NA,NA,NA,NA,NA,NA
155,1,1,0,0,0,0,1,1,4,1,0,0,NA,NA,FOCE_I,NA,2863.04,0,11798.695361803493,1.32448,4.3046,0.509654,3.04925,1.75434,-0.139871,0.623263,0.486637,0.279113,1e-13,NA,NA,NA,NA,NA,NA,NA,NA,NA,NA,NA,NA,NA,NA,NA,NA,NA,NA,NA,NA,NA,NA,NA
156,1,1,0,1,0,0,1,0,2,1,0,0,3.7,NA,FOCE_I,NA,2240.16,0,10648.797391577144,1.44294,4.2719,0.202322,1.81588,1.31965,-0.139871,0.536205,0.397341,0.294537,1e-13,NA,NA,NA,NA,NA,NA,NA,NA,NA,NA,NA,NA,NA,NA,NA,NA,NA,NA,NA,NA,NA,NA,NA
157,1,1,0,0,0,0,0,1,0,0,0,0,2.5,NA,FOCE_I,NA,1919.46,0,9697.3596878806075,1.58647,4.64858,0.202149,2.41713,6.29866,-0.131455,0.550739,0.279595,0.284897,1e-13,NA,NA,NA,NA,NA,NA,NA,NA,NA,NA,NA,NA,NA,NA,NA,NA,NA,NA,NA,NA,NA,NA,NA
158,1,1,0,0,0,0,0,1,0,0,1,0,2.5,NA,FOCE_I,NA,7387.66,0,11746.644121951171,1.27078,4.33737,0.375167,1.97255,1.77747,-0.127455,0.683772,0.398112,0.284456,1e-13,NA,NA,NA,NA,NA,NA,NA,NA,NA,NA,NA,NA,NA,NA,NA,NA,NA,NA,NA,NA,NA,NA,NA
159,1,1,0,0,0,0,0,1,0,0,0,0,2.7,NA,FOCE_I,NA,813.6,0,11072.760070660401,1.33495,4.81719,0.21151,2.08061,5.93337,-0.128078,0.54563,0.396157,0.281788,1e-13,NA,NA,NA,NA,NA,NA,NA,NA,NA,NA,NA,NA,NA,NA,NA,NA,NA,NA,NA,NA,NA,NA,NA
160,1,1,0,1,0,0,0,0,0,0,1,0,3.6,NA,FOCE_I,NA,1383.68,0,10833.900976567631,1.53786,4.76747,0.117555,2.3355,1.53152,-0.131707,0.678499,0.368729,0.29388,1e-13,NA,NA,NA,NA,NA,NA,NA,NA,NA,NA,NA,NA,NA,NA,NA,NA,NA,NA,NA,NA,NA,NA,NA
161,1,1,0,0,0,0,0,1,0,0,0,0,2.5,NA,FOCE_I,NA,2418.8,0,12659.836471396817,1.15748,4.45456,0.204558,2.03633,3.9346,-0.111448,0.66928,0.388415,0.291331,1e-13,NA,NA,NA,NA,NA,NA,NA,NA,NA,NA,NA,NA,NA,NA,NA,NA,NA,NA,NA,NA,NA,NA,NA
162,1,1,0,0,0,0,0,1,0,0,0,0,NA,NA,FOCE_I,NA,4582.13,0,11460.671902331587,1.33872,4.97388,0.345903,1.9573,1.62688,-0.115891,0.705567,0.399127,0.280664,1e-13,NA,NA,NA,NA,NA,NA,NA,NA,NA,NA,NA,NA,NA,NA,NA,NA,NA,NA,NA,NA,NA,NA,NA
163,1,1,0,1,0,0,0,0,0,0,0,0,3.3,NA,FOCE_I,NA,2122.64,0,9861.1247253129204,1.465,4.6608,0.24778,1.99269,6.92165,-0.123722,0.586889,0.392464,0.295368,1e-13,NA,NA,NA,NA,NA,NA,NA,NA,NA,NA,NA,NA,NA,NA,NA,NA,NA,NA,NA,NA,NA,NA,NA
164,1,1,0,0,0,0,1,1,13,2,0,0,NA,NA,FOCE_I,NA,3077.66,0,11322.277631750576,1.31796,4.14384,0.502476,4.14496,7.9778,-0.139871,0.57353,0.435454,0.275955,1e-13,NA,NA,NA,NA,NA,NA,NA,NA,NA,NA,NA,NA,NA,NA,NA,NA,NA,NA,NA,NA,NA,NA,NA
165,1,1,0,0,0,0,0,1,0,0,0,0,2.3,NA,FOCE_I,NA,1267.98,0,11192.806651709492,1.35268,4.7252,0.223049,2.13282,6.35004,-0.12885,0.531413,0.419606,0.28228,1e-13,NA,NA,NA,NA,NA,NA,NA,NA,NA,NA,NA,NA,NA,NA,NA,NA,NA,NA,NA,NA,NA,NA,NA
166,1,1,0,0,0,0,0,1,0,0,1,0,0.8,NA,FOCE_I,NA,2278.58,0,10519.255399592108,1.4775,4.8313,0.234467,2.01962,7.91117,-0.12847,0.68474,0.401467,0.298123,1e-13,NA,NA,NA,NA,NA,NA,NA,NA,NA,NA,NA,NA,NA,NA,NA,NA,NA,NA,NA,NA,NA,NA,NA
167,1,1,0,0,0,0,0,0,1,1,0,0,NA,NA,FOCE_I,NA,1258.37,0,10238.148810140276,1.35725,4.1,0.193285,2.2245,6.33438,-0.135611,0.53185,0.339113,0.287885,1e-13,NA,NA,NA,NA,NA,NA,NA,NA,NA,NA,NA,NA,NA,NA,NA,NA,NA,NA,NA,NA,NA,NA,NA
168,1,1,0,0,0,0,0,1,0,0,0,0,2,NA,FOCE_I,NA,812.5,0,12206.334827197676,1.27989,4.46462,0.210427,1.93641,6.95354,-0.127778,0.662301,0.35212,0.278736,1e-13,NA,NA,NA,NA,NA,NA,NA,NA,NA,NA,NA,NA,NA,NA,NA,NA,NA,NA,NA,NA,NA,NA,NA
169,1,1,0,0,0,0,0,1,0,0,0,0,NA,NA,FOCE_I,NA,1818.2,0,11664.738653418788,1.29208,4.52284,0.157851,1.58271,3.62754,-0.137381,0.628465,0.413012,0.285878,1e-13,NA,NA,NA,NA,NA,NA,NA,NA,NA,NA,NA,NA,NA,NA,NA,NA,NA,NA,NA,NA,NA,NA,NA
170,1,1,0,1,0,0,0,0,0,0,0,0,3.8,NA,FOCE_I,NA,1475.58,0,9950.6558926319267,1.47702,5.25599,0.167784,2.63398,7.13536,-0.124647,0.555325,0.366566,0.287346,1e-13,NA,NA,NA,NA,NA,NA,NA,NA,NA,NA,NA,NA,NA,NA,NA,NA,NA,NA,NA,NA,NA,NA,NA
171,1,1,0,0,0,0,0,1,0,0,0,0,NA,NA,FOCE_I,NA,1709.52,0,10558.466263546688,1.36657,4.48229,0.206627,2.10525,6.7792,-0.126782,0.661077,0.370447,0.29691,1e-13,NA,NA,NA,NA,NA,NA,NA,NA,NA,NA,NA,NA,NA,NA,NA,NA,NA,NA,NA,NA,NA,NA,NA
172,1,1,0,1,0,0,0,0,0,0,0,0,3,NA,FOCE_I,NA,1594.7,0,10885.955775258521,1.37701,4.37158,0.14352,2.09372,1.53568,-0.129976,0.523673,0.372813,0.294428,1e-13,NA,NA,NA,NA,NA,NA,NA,NA,NA,NA,NA,NA,NA,NA,NA,NA,NA,NA,NA,NA,NA,NA,NA
173,1,1,0,0,0,0,0,1,0,0,0,0,2.4,NA,FOCE_I,NA,1455.04,0,10142.707869733153,1.39607,4.64335,0.211637,1.93611,6.19658,-0.122936,0.551821,0.310663,0.272228,1e-13,NA,NA,NA,NA,NA,NA,NA,NA,NA,NA,NA,NA,NA,NA,NA,NA,NA,NA,NA,NA,NA,NA,NA
174,1,1,0,1,0,0,0,0,0,0,0,0,3.2,NA,FOCE_I,NA,1714.68,0,10477.945463452863,1.59068,5.58193,0.115045,0.931776,1.35723,-0.126491,0.672582,0.474766,0.310406,1e-13,NA,NA,NA,NA,NA,NA,NA,NA,NA,NA,NA,NA,NA,NA,NA,NA,NA,NA,NA,NA,NA,NA,NA
175,1,1,0,0,0,0,1,1,5,1,0,0,NA,NA,FOCE_I,NA,2653.65,0,10558.779872584877,1.36501,4.9097,0.158466,1.04067,6.79039,-0.139871,0.521534,0.350373,0.271312,1e-13,NA,NA,NA,NA,NA,NA,NA,NA,NA,NA,NA,NA,NA,NA,NA,NA,NA,NA,NA,NA,NA,NA,NA
176,1,1,0,0,0,0,0,1,0,0,1,0,NA,NA,FOCE_I,NA,4670.96,0,11263.604725616909,1.33524,4.43323,0.170699,2.22179,3.65699,-0.139538,0.543226,0.334901,0.288555,1e-13,NA,NA,NA,NA,NA,NA,NA,NA,NA,NA,NA,NA,NA,NA,NA,NA,NA,NA,NA,NA,NA,NA,NA
177,1,1,0,0,0,0,0,1,0,0,0,0,2.8,NA,FOCE_I,NA,2139.05,0,9911.0161929445785,1.64243,4.88713,0.0452831,1.72557,3.54473,-0.13268,0.560729,0.34141,0.292224,1e-13,NA,NA,NA,NA,NA,NA,NA,NA,NA,NA,NA,NA,NA,NA,NA,NA,NA,NA,NA,NA,NA,NA,NA
178,1,1,0,0,0,0,1,1,2,1,0,0,NA,NA,FOCE_I,NA,2191.56,0,11902.249429073439,1.25942,3.98757,0.514983,2.67044,7.24571,-0.139871,0.601311,0.391163,0.27907,1e-13,NA,NA,NA,NA,NA,NA,NA,NA,NA,NA,NA,NA,NA,NA,NA,NA,NA,NA,NA,NA,NA,NA,NA
179,1,1,0,0,0,0,0,1,0,0,0,0,2.2,NA,FOCE_I,NA,940.69,0,11529.050031339599,1.27704,4.44335,0.153619,1.62629,3.42105,-0.137674,0.652807,0.39465,0.298939,1e-13,NA,NA,NA,NA,NA,NA,NA,NA,NA,NA,NA,NA,NA,NA,NA,NA,NA,NA,NA,NA,NA,NA,NA
180,1,1,0,0,0,0,0,1,1,0,0,0,1.5,NA,FOCE_I,NA,5058.94,0,11086.854718656912,1.4108,4.56401,0.161378,1.18243,4.54955,-0.13987,0.543906,0.441884,0.276996,1e-13,NA,NA,NA,NA,NA,NA,NA,NA,NA,NA,NA,NA,NA,NA,NA,NA,NA,NA,NA,NA,NA,NA,NA
181,1,1,0,0,0,0,0,0,0,0,0,0,NA,NA,FOCE_I,NA,992.34,0,11407.186070500675,1.33073,5.04876,0.265941,2.19792,4.73529,-0.117848,0.5735,0.38949,0.282984,1e-13,NA,NA,NA,NA,NA,NA,NA,NA,NA,NA,NA,NA,NA,NA,NA,NA,NA,NA,NA,NA,NA,NA,NA
182,1,1,0,0,0,0,0,1,0,0,1,0,2.5,NA,FOCE_I,NA,2181.21,0,10124.918619589565,1.35954,4.99808,0.207219,2.02364,6.60387,-0.125769,0.610106,0.31493,0.288727,1e-13,NA,NA,NA,NA,NA,NA,NA,NA,NA,NA,NA,NA,NA,NA,NA,NA,NA,NA,NA,NA,NA,NA,NA
183,1,1,0,0,0,0,0,1,0,0,0,0,NA,NA,FOCE_I,NA,1308.55,0,11050.733317619362,1.40731,4.7789,0.22437,2.09376,6.181,-0.127481,0.535006,0.41882,0.267734,1e-13,NA,NA,NA,NA,NA,NA,NA,NA,NA,NA,NA,NA,NA,NA,NA,NA,NA,NA,NA,NA,NA,NA,NA
184,1,1,0,0,0,0,0,1,0,0,0,0,NA,NA,FOCE_I,NA,1413.61,0,10824.221795476702,1.27384,4.54956,0.216867,1.91889,6.80372,-0.125054,0.687117,0.331676,0.276632,1e-13,NA,NA,NA,NA,NA,NA,NA,NA,NA,NA,NA,NA,NA,NA,NA,NA,NA,NA,NA,NA,NA,NA,NA
185,1,1,0,0,0,0,1,1,7,1,3,0,NA,NA,FOCE_I,NA,4130.07,0,10149.183186281853,1.52263,4.51124,0.119044,0.808094,0.950182,-0.139871,0.512793,0.424272,0.302694,1e-13,NA,NA,NA,NA,NA,NA,NA,NA,NA,NA,NA,NA,NA,NA,NA,NA,NA,NA,NA,NA,NA,NA,NA
186,1,1,0,1,0,0,0,0,0,0,0,0,3.1,NA,FOCE_I,NA,1586.35,0,8967.8676093553422,1.69139,4.88141,0.199088,2.38041,6.07534,-0.129749,0.603817,0.338994,0.293789,1e-13,NA,NA,NA,NA,NA,NA,NA,NA,NA,NA,NA,NA,NA,NA,NA,NA,NA,NA,NA,NA,NA,NA,NA
187,1,1,0,0,0,0,0,1,0,0,0,0,NA,NA,FOCE_I,NA,1713.07,0,11299.483123303031,1.43454,4.44414,0.323271,2.76651,3.70224,-0.139313,0.587627,0.393525,0.290216,1e-13,NA,NA,NA,NA,NA,NA,NA,NA,NA,NA,NA,NA,NA,NA,NA,NA,NA,NA,NA,NA,NA,NA,NA
188,1,1,0,0,0,0,0,0,0,0,0,0,NA,NA,FOCE_I,NA,2150.38,0,11753.188185708437,1.36521,4.85797,0.476298,4.61129,1.16159,-0.139617,0.562712,0.412822,0.272891,1e-13,NA,NA,NA,NA,NA,NA,NA,NA,NA,NA,NA,NA,NA,NA,NA,NA,NA,NA,NA,NA,NA,NA,NA
189,1,1,0,0,0,0,0,1,0,0,0,0,2.7,NA,FOCE_I,NA,2662.27,0,12293.300161633608,1.3393,5.14489,0.294419,1.95143,2.87406,-0.139179,0.47083,0.407677,0.270394,1e-13,NA,NA,NA,NA,NA,NA,NA,NA,NA,NA,NA,NA,NA,NA,NA,NA,NA,NA,NA,NA,NA,NA,NA
190,1,1,0,0,0,0,0,1,0,0,1,0,1.9,NA,FOCE_I,NA,1910.41,0,9323.6156577218389,1.47632,4.98299,0.204818,2.65376,2.73607,-0.125578,0.560714,0.51622,0.304946,1e-13,NA,NA,NA,NA,NA,NA,NA,NA,NA,NA,NA,NA,NA,NA,NA,NA,NA,NA,NA,NA,NA,NA,NA
191,1,1,0,0,0,0,0,1,0,0,1,0,NA,NA,FOCE_I,NA,2599,0,11031.487900611548,1.2871,4.17766,0.192312,1.38712,2.45217,-0.127139,0.513393,0.401488,0.291383,1e-13,NA,NA,NA,NA,NA,NA,NA,NA,NA,NA,NA,NA,NA,NA,NA,NA,NA,NA,NA,NA,NA,NA,NA
192,1,1,0,0,0,0,1,1,9,1,1,0,NA,NA,FOCE_I,NA,5503.87,0,10259.802884805917,1.52283,4.87582,0.175298,1.13782,1.41449,-0.139871,0.603125,0.503891,0.275679,1e-13,NA,NA,NA,NA,NA,NA,NA,NA,NA,NA,NA,NA,NA,NA,NA,NA,NA,NA,NA,NA,NA,NA,NA
193,1,1,0,0,0,0,0,1,0,0,0,0,NA,NA,FOCE_I,NA,4219.24,0,11102.704879194103,1.31439,3.90056,0.733758,4.29388,7.16989,-0.115541,0.76939,0.368605,0.284301,1e-13,NA,NA,NA,NA,NA,NA,NA,NA,NA,NA,NA,NA,NA,NA,NA,NA,NA,NA,NA,NA,NA,NA,NA
194,1,1,0,0,0,0,0,1,0,0,0,0,2.8,NA,FOCE_I,NA,1266.18,0,10959.608662688384,1.29958,5.00488,0.202459,2.23965,4.26593,-0.129024,0.550176,0.34624,0.291594,1e-13,NA,NA,NA,NA,NA,NA,NA,NA,NA,NA,NA,NA,NA,NA,NA,NA,NA,NA,NA,NA,NA,NA,NA
195,1,1,0,1,0,0,0,0,0,0,1,0,3.2,NA,FOCE_I,NA,3135.72,0,8696.4108544236442,1.69527,4.80051,0.140937,1.94947,6.6402,-0.137366,0.529537,0.300084,0.302554,1e-13,NA,NA,NA,NA,NA,NA,NA,NA,NA,NA,NA,NA,NA,NA,NA,NA,NA,NA,NA,NA,NA,NA,NA
196,1,1,0,0,0,0,0,1,0,0,0,0,NA,NA,FOCE_I,NA,1683.66,0,10805.521712406109,1.40934,4.76719,0.198245,2.56836,6.2254,-0.135536,0.597375,0.317402,0.302788,1e-13,NA,NA,NA,NA,NA,NA,NA,NA,NA,NA,NA,NA,NA,NA,NA,NA,NA,NA,NA,NA,NA,NA,NA
197,1,1,0,0,0,0,0,1,0,0,0,0,2.1,NA,FOCE_I,NA,2149.89,0,11485.257877260407,1.28807,4.88043,0.240807,2.09322,2.63626,-0.125595,0.680117,0.435972,0.299508,1e-13,NA,NA,NA,NA,NA,NA,NA,NA,NA,NA,NA,NA,NA,NA,NA,NA,NA,NA,NA,NA,NA,NA,NA
198,1,1,0,0,0,0,0,1,0,0,0,0,2.9,NA,FOCE_I,NA,843.37,0,8006.7352496229796,1.70509,4.61893,0.0862895,1.98182,5.53247,-0.136014,0.59318,0.22644,0.322582,1e-13,NA,NA,NA,NA,NA,NA,NA,NA,NA,NA,NA,NA,NA,NA,NA,NA,NA,NA,NA,NA,NA,NA,NA
199,1,1,0,0,0,0,0,1,0,0,0,0,1.7,NA,FOCE_I,NA,1819.99,0,10958.937902092410,1.27254,4.73722,0.197911,1.85768,4.2809,-0.139715,0.604179,0.353128,0.285914,1e-13,NA,NA,NA,NA,NA,NA,NA,NA,NA,NA,NA,NA,NA,NA,NA,NA,NA,NA,NA,NA,NA,NA,NA
200,1,1,0,0,0,0,0,1,0,0,1,0,NA,NA,FOCE_I,NA,4533.09,0,10824.795501161099,1.32245,4.0546,0.523205,3.19329,4.73245,-0.123712,0.592526,0.403019,0.292778,1e-13,NA,NA,NA,NA,NA,NA,NA,NA,NA,NA,NA,NA,NA,NA,NA,NA,NA,NA,NA,NA,NA,NA,NA
